Date_Time,Region,PM1,PM2_5,PM10
2018-12-31 11:52,PMS70035,81,140,154
2018-12-31 11:53,PMS70035,83,132,147
2018-12-31 11:54,PMS70035,84,134,150
2018-12-31 11:55,PMS70035,84,138,149
2018-12-31 11:56,PMS70035,85,139,151
2018-12-31 11:57,PMS70035,90,158,181
2018-12-31 11:58,PMS70035,90,158,181
2018-12-31 11:59,PMS70035,88,144,161
2018-12-31 12:00,PMS70035,88,145,164
2018-12-31 12:01,PMS70035,92,153,169
2018-12-31 12:02,PMS70035,90,152,166
2018-12-31 12:03,PMS70035,85,152,166
2018-12-31 12:04,PMS70035,86,147,165
2018-12-31 12:05,PMS70035,87,142,163
2018-12-31 12:06,PMS70035,85,143,165
2018-12-31 12:07,PMS70035,88,155,168
2018-12-31 12:08,PMS70035,87,152,166
2018-12-31 12:09,PMS70035,95,159,180
2018-12-31 12:10,PMS70035,92,156,177
2018-12-31 12:11,PMS70035,80,132,150
2018-12-31 12:12,PMS70035,80,132,150
2018-12-31 12:13,PMS70035,83,136,153
2018-12-31 12:14,PMS70035,83,136,153
2018-12-31 12:15,PMS70035,72,120,132
2018-12-31 12:16,PMS70035,70,117,129
2018-12-31 12:17,PMS70035,71,110,121
2018-12-31 12:18,PMS70035,71,109,119
2018-12-31 12:19,PMS70035,66,114,130
2018-12-31 12:20,PMS70035,65,113,129
2018-12-31 12:21,PMS70035,63,103,111
2018-12-31 12:22,PMS70035,63,103,111
2018-12-31 12:23,PMS70035,70,113,127
2018-12-31 12:24,PMS70035,70,112,126
2018-12-31 12:25,PMS70035,73,117,134
2018-12-31 12:26,PMS70035,73,117,134
2018-12-31 12:27,PMS70035,74,118,129
2018-12-31 12:28,PMS70035,74,118,129
2018-12-31 12:29,PMS70035,72,116,122
2018-12-31 12:30,PMS70035,72,116,120
2018-12-31 12:31,PMS70035,63,104,114
2018-12-31 12:32,PMS70035,63,104,114
2018-12-31 12:33,PMS70035,68,112,123
2018-12-31 12:34,PMS70035,69,113,125
2018-12-31 12:35,PMS70035,68,105,116
2018-12-31 12:36,PMS70035,68,105,116
2018-12-31 12:37,PMS70035,69,111,126
2018-12-31 12:38,PMS70035,69,111,126
2018-12-31 12:39,PMS70035,70,109,122
2018-12-31 12:40,PMS70035,70,109,122
2018-12-31 12:41,PMS70035,67,109,123
2018-12-31 12:42,PMS70035,65,108,122
2018-12-31 12:43,PMS70035,66,110,118
2018-12-31 12:44,PMS70035,66,110,118
2018-12-31 12:45,PMS70035,65,106,122
2018-12-31 12:46,PMS70035,66,106,122
2018-12-31 12:47,PMS70035,61,96,108
2018-12-31 12:48,PMS70035,60,94,107
2018-12-31 12:49,PMS70035,70,111,123
2018-12-31 12:50,PMS70035,70,111,123
2018-12-31 12:51,PMS70035,66,104,112
2018-12-31 12:52,PMS70035,66,104,112
2018-12-31 12:53,PMS70035,64,108,120
2018-12-31 12:54,PMS70035,64,108,120
2018-12-31 12:55,PMS70035,64,103,111
2018-12-31 12:56,PMS70035,64,102,109
2018-12-31 12:57,PMS70035,60,95,104
2018-12-31 12:58,PMS70035,60,95,104
2018-12-31 12:59,PMS70035,68,109,121
2018-12-31 13:00,PMS70035,69,108,121
2018-12-31 13:01,PMS70035,62,95,108
2018-12-31 13:15,PMS70035,50,78,82
2018-12-31 13:31,PMS70035,50,82,92
2018-12-31 13:44,PMS70035,56,90,99
2018-12-31 13:54,PMS70035,52,84,94
2018-12-31 14:00,PMS70035,54,84,92
2018-12-31 14:15,PMS70035,52,82,90
2018-12-31 14:24,PMS70035,52,85,96
2018-12-31 14:32,PMS70035,55,80,88
2018-12-31 14:42,PMS70035,57,91,98
2018-12-31 14:50,PMS70035,54,83,90
2018-12-31 14:56,PMS70035,57,88,98
2018-12-31 15:04,PMS70035,61,101,119
2018-12-31 15:11,PMS70035,57,84,90
2018-12-31 15:19,PMS70035,55,87,90
2018-12-31 15:28,PMS70035,56,89,98
2018-12-31 15:36,PMS70035,50,82,88
2018-12-31 15:50,PMS70035,55,84,91
2018-12-31 16:01,PMS70035,49,75,81
2018-12-31 16:10,PMS70035,47,71,79
2018-12-31 16:21,PMS70035,48,74,84
2018-12-31 16:30,PMS70035,40,60,72
2018-12-31 16:49,PMS70035,33,52,68
2018-12-31 17:01,PMS70035,33,52,67
2018-12-31 17:15,PMS70035,38,61,73
2018-12-31 17:29,PMS70035,40,60,75
2018-12-31 17:45,PMS70035,45,71,79
2018-12-31 18:01,PMS70035,53,81,91
2018-12-31 18:15,PMS70035,57,88,96
2018-12-31 18:30,PMS70035,73,109,123
2018-12-31 18:46,PMS70035,88,139,149
2018-12-31 19:02,PMS70035,90,132,146
2018-12-31 19:20,PMS70035,94,147,160
2018-12-31 19:39,PMS70035,94,145,162
2018-12-31 19:56,PMS70035,101,157,179
2018-12-31 20:13,PMS70035,109,165,181
2018-12-31 20:30,PMS70035,117,179,197
2018-12-31 20:48,PMS70035,132,208,229
2018-12-31 21:05,PMS70035,121,184,200
2018-12-31 21:24,PMS70035,125,193,206
2018-12-31 21:40,PMS70035,145,228,259
2018-12-31 21:57,PMS70035,148,228,249
2018-12-31 22:28,PMS70035,181,288,313
2018-12-31 22:46,PMS70035,187,298,333
2018-12-31 23:04,PMS70035,184,296,331
2018-12-31 23:21,PMS70035,181,302,337
2018-12-31 23:41,PMS70035,193,317,350
2018-12-31 23:59,PMS70035,197,327,359
2019-01-01 00:16,PMS70035,194,316,347
2019-01-01 00:36,PMS70035,181,283,310
2019-01-01 00:56,PMS70035,176,291,318
2019-01-01 01:18,PMS70035,181,297,339
2019-01-01 01:35,PMS70035,174,289,319
2019-01-01 01:59,PMS70035,180,297,326
2019-01-01 02:18,PMS70035,174,284,320
2019-01-01 02:42,PMS70035,170,276,316
2019-01-01 02:53,PMS70035,172,294,324
2019-01-01 03:15,PMS70035,174,295,336
2019-01-01 03:26,PMS70035,166,283,318
2019-01-01 03:48,PMS70035,169,287,331
2019-01-01 04:11,PMS70035,154,255,287
2019-01-01 04:30,PMS70035,140,232,263
2019-01-01 04:51,PMS70035,140,232,260
2019-01-01 05:11,PMS70035,138,226,249
2019-01-01 05:29,PMS70035,137,225,247
2019-01-01 05:30,PMS70035,137,229,258
2019-01-01 05:31,PMS70035,139,223,242
2019-01-01 05:32,PMS70035,138,230,257
2019-01-01 05:33,PMS70035,138,231,253
2019-01-01 05:34,PMS70035,134,228,263
2019-01-01 05:35,PMS70035,137,225,257
2019-01-01 05:36,PMS70035,138,231,262
2019-01-01 05:37,PMS70035,139,220,238
2019-01-01 06:28,PMS70035,146,252,281
2019-01-01 07:04,PMS70035,153,266,312
2019-01-01 07:28,PMS70035,146,261,293
2019-01-01 07:58,PMS70035,145,253,298
2019-01-01 08:54,PMS70035,157,277,311
2019-01-01 09:19,PMS70035,141,249,279
2019-01-01 09:45,PMS70035,122,210,237
2019-01-01 10:32,PMS70035,109,181,201
2019-01-01 11:17,PMS70035,93,151,168
2019-01-01 12:08,PMS70035,58,94,102
2019-01-01 12:33,PMS70035,53,82,87
2019-01-01 12:34,PMS70035,52,83,87
2019-01-01 13:01,PMS70035,47,72,77
2019-01-01 13:34,PMS70035,36,55,65
2019-01-01 14:17,PMS70035,35,55,65
2019-01-01 14:50,PMS70035,32,48,61
2019-01-01 15:22,PMS70035,40,63,74
2019-01-01 15:59,PMS70035,38,60,72
2019-01-01 16:57,PMS70035,39,60,73
2019-01-01 17:41,PMS70035,47,73,80
2019-01-01 18:23,PMS70035,60,95,109
2019-01-01 19:10,PMS70035,102,148,159
2019-01-01 19:50,PMS70035,132,196,218
2019-01-01 20:23,PMS70035,131,203,221
2019-01-01 20:58,PMS70035,155,240,267
2019-01-01 21:36,PMS70035,165,266,290
2019-01-01 22:18,PMS70035,172,278,307
2019-01-01 23:05,PMS70035,173,275,310
2019-01-01 23:44,PMS70035,155,245,266
2019-01-01 23:58,PMS70035,164,277,313
2019-01-01 23:59,PMS70035,160,256,276
2019-01-02 00:00,PMS70035,163,262,291
2019-01-02 00:36,PMS70035,141,227,262
2019-01-02 00:37,PMS70035,147,242,260
2019-01-02 00:38,PMS70035,141,231,249
2019-01-02 00:39,PMS70035,146,248,271
2019-01-02 00:40,PMS70035,157,251,283
2019-01-02 00:41,PMS70035,159,262,290
2019-01-02 00:42,PMS70035,150,256,289
2019-01-02 00:43,PMS70035,150,243,272
2019-01-02 00:44,PMS70035,155,250,280
2019-01-02 00:45,PMS70035,157,247,269
2019-01-02 00:46,PMS70035,161,261,285
2019-01-02 00:47,PMS70035,157,253,275
2019-01-02 00:48,PMS70035,157,255,285
2019-01-02 00:49,PMS70035,159,252,274
2019-01-02 00:50,PMS70035,164,263,290
2019-01-02 00:51,PMS70035,170,271,299
2019-01-02 00:52,PMS70035,166,268,290
2019-01-02 00:53,PMS70035,162,258,293
2019-01-02 00:54,PMS70035,165,255,285
2019-01-02 00:55,PMS70035,155,245,269
2019-01-02 00:56,PMS70035,155,253,285
2019-01-02 00:57,PMS70035,155,252,271
2019-01-02 00:58,PMS70035,158,247,271
2019-01-02 00:59,PMS70035,159,252,281
2019-01-02 01:00,PMS70035,161,257,281
2019-01-02 01:01,PMS70035,171,271,299
2019-01-02 01:02,PMS70035,164,259,295
2019-01-02 01:03,PMS70035,161,272,304
2019-01-02 01:04,PMS70035,166,274,306
2019-01-02 01:05,PMS70035,163,267,293
2019-01-02 01:06,PMS70035,171,285,313
2019-01-02 01:07,PMS70035,165,260,281
2019-01-02 01:08,PMS70035,168,275,300
2019-01-02 01:09,PMS70035,171,277,309
2019-01-02 01:10,PMS70035,175,281,309
2019-01-02 01:11,PMS70035,176,283,322
2019-01-02 01:12,PMS70035,178,287,312
2019-01-02 01:13,PMS70035,175,286,324
2019-01-02 01:14,PMS70035,175,292,320
2019-01-02 01:15,PMS70035,176,286,320
2019-01-02 01:16,PMS70035,177,285,315
2019-01-02 01:17,PMS70035,179,291,325
2019-01-02 01:18,PMS70035,178,287,309
2019-01-02 01:19,PMS70035,180,285,313
2019-01-02 01:20,PMS70035,178,291,323
2019-01-02 01:21,PMS70035,177,283,313
2019-01-02 01:22,PMS70035,180,287,320
2019-01-02 01:23,PMS70035,175,283,313
2019-01-02 01:24,PMS70035,168,271,291
2019-01-02 01:25,PMS70035,163,260,290
2019-01-02 01:26,PMS70035,171,270,300
2019-01-02 01:27,PMS70035,171,279,317
2019-01-02 01:28,PMS70035,176,293,327
2019-01-02 01:29,PMS70035,175,278,307
2019-01-02 01:30,PMS70035,177,287,311
2019-01-02 01:31,PMS70035,166,264,302
2019-01-02 01:32,PMS70035,174,276,311
2019-01-02 01:33,PMS70035,176,292,325
2019-01-02 01:34,PMS70035,177,280,309
2019-01-02 01:35,PMS70035,181,290,329
2019-01-02 01:36,PMS70035,180,292,321
2019-01-02 01:37,PMS70035,183,301,334
2019-01-02 01:38,PMS70035,179,293,325
2019-01-02 01:39,PMS70035,167,267,301
2019-01-02 01:40,PMS70035,181,292,317
2019-01-02 01:41,PMS70035,179,293,331
2019-01-02 01:42,PMS70035,177,291,321
2019-01-02 01:43,PMS70035,179,283,322
2019-01-02 01:44,PMS70035,176,295,329
2019-01-02 01:45,PMS70035,175,291,326
2019-01-02 01:46,PMS70035,181,297,329
2019-01-02 01:47,PMS70035,165,269,305
2019-01-02 01:48,PMS70035,172,281,304
2019-01-02 01:49,PMS70035,173,291,323
2019-01-02 01:50,PMS70035,171,274,303
2019-01-02 01:51,PMS70035,182,294,327
2019-01-02 01:52,PMS70035,177,283,316
2019-01-02 01:53,PMS70035,180,292,332
2019-01-02 01:54,PMS70035,180,301,328
2019-01-02 01:55,PMS70035,174,293,335
2019-01-02 01:56,PMS70035,169,271,302
2019-01-02 01:57,PMS70035,172,276,307
2019-01-02 01:58,PMS70035,175,287,317
2019-01-02 01:59,PMS70035,179,294,319
2019-01-02 02:00,PMS70035,177,287,314
2019-01-02 02:01,PMS70035,179,293,328
2019-01-02 02:02,PMS70035,178,284,305
2019-01-02 02:03,PMS70035,180,301,330
2019-01-02 02:04,PMS70035,179,293,327
2019-01-02 02:05,PMS70035,176,296,328
2019-01-02 02:06,PMS70035,179,289,325
2019-01-02 02:07,PMS70035,175,293,321
2019-01-02 02:08,PMS70035,175,290,322
2019-01-02 02:09,PMS70035,179,307,329
2019-01-02 02:10,PMS70035,178,292,318
2019-01-02 02:11,PMS70035,178,292,323
2019-01-02 02:12,PMS70035,177,281,312
2019-01-02 02:13,PMS70035,183,292,325
2019-01-02 02:14,PMS70035,177,290,321
2019-01-02 02:15,PMS70035,182,294,324
2019-01-02 02:16,PMS70035,173,282,313
2019-01-02 02:17,PMS70035,178,293,332
2019-01-02 02:18,PMS70035,171,281,309
2019-01-02 02:19,PMS70035,171,272,302
2019-01-02 02:20,PMS70035,172,280,306
2019-01-02 02:21,PMS70035,183,309,339
2019-01-02 02:22,PMS70035,177,287,322
2019-01-02 02:23,PMS70035,172,294,319
2019-01-02 02:24,PMS70035,181,295,322
2019-01-02 02:25,PMS70035,179,290,319
2019-01-02 02:26,PMS70035,178,284,318
2019-01-02 02:27,PMS70035,179,292,327
2019-01-02 02:28,PMS70035,185,303,344
2019-01-02 02:29,PMS70035,185,305,345
2019-01-02 02:30,PMS70035,180,300,329
2019-01-02 02:31,PMS70035,182,309,341
2019-01-02 02:32,PMS70035,184,299,333
2019-01-02 02:33,PMS70035,184,309,340
2019-01-02 02:34,PMS70035,184,301,347
2019-01-02 02:35,PMS70035,182,296,328
2019-01-02 02:36,PMS70035,178,288,313
2019-01-02 02:37,PMS70035,180,293,317
2019-01-02 02:38,PMS70035,175,285,323
2019-01-02 02:39,PMS70035,185,295,338
2019-01-02 02:40,PMS70035,180,293,328
2019-01-02 02:41,PMS70035,185,299,330
2019-01-02 02:42,PMS70035,175,279,314
2019-01-02 02:43,PMS70035,180,294,327
2019-01-02 02:44,PMS70035,178,289,326
2019-01-02 02:45,PMS70035,176,284,315
2019-01-02 02:46,PMS70035,185,301,331
2019-01-02 02:47,PMS70035,180,300,332
2019-01-02 02:48,PMS70035,181,299,333
2019-01-02 02:49,PMS70035,179,294,320
2019-01-02 02:50,PMS70035,178,299,327
2019-01-02 02:51,PMS70035,178,293,328
2019-01-02 02:52,PMS70035,171,285,316
2019-01-02 02:53,PMS70035,173,285,322
2019-01-02 02:54,PMS70035,172,286,324
2019-01-02 02:55,PMS70035,172,287,317
2019-01-02 02:56,PMS70035,177,293,326
2019-01-02 02:57,PMS70035,175,288,324
2019-01-02 02:58,PMS70035,175,291,314
2019-01-02 02:59,PMS70035,176,289,318
2019-01-02 03:00,PMS70035,178,288,315
2019-01-02 03:01,PMS70035,181,290,320
2019-01-02 03:02,PMS70035,176,292,330
2019-01-02 03:03,PMS70035,171,286,313
2019-01-02 03:04,PMS70035,172,286,329
2019-01-02 03:05,PMS70035,167,275,302
2019-01-02 03:06,PMS70035,171,279,306
2019-01-02 03:07,PMS70035,167,279,306
2019-01-02 03:08,PMS70035,169,270,301
2019-01-02 03:09,PMS70035,169,283,311
2019-01-02 03:10,PMS70035,166,279,313
2019-01-02 03:11,PMS70035,169,283,317
2019-01-02 03:12,PMS70035,165,270,297
2019-01-02 03:13,PMS70035,170,291,325
2019-01-02 03:14,PMS70035,172,286,322
2019-01-02 03:15,PMS70035,164,269,302
2019-01-02 03:16,PMS70035,168,274,304
2019-01-02 03:17,PMS70035,169,282,311
2019-01-02 03:18,PMS70035,174,288,318
2019-01-02 03:19,PMS70035,177,290,318
2019-01-02 03:20,PMS70035,178,290,316
2019-01-02 03:21,PMS70035,170,279,315
2019-01-02 03:22,PMS70035,171,286,317
2019-01-02 03:23,PMS70035,170,281,302
2019-01-02 03:24,PMS70035,160,263,299
2019-01-02 03:25,PMS70035,175,288,328
2019-01-02 03:26,PMS70035,170,281,318
2019-01-02 03:27,PMS70035,172,285,320
2019-01-02 03:28,PMS70035,174,285,309
2019-01-02 03:29,PMS70035,169,285,320
2019-01-02 03:30,PMS70035,170,271,291
2019-01-02 03:31,PMS70035,176,294,323
2019-01-02 03:32,PMS70035,171,290,324
2019-01-02 03:33,PMS70035,173,279,306
2019-01-02 03:34,PMS70035,174,280,310
2019-01-02 03:35,PMS70035,172,279,306
2019-01-02 03:36,PMS70035,171,277,299
2019-01-02 03:37,PMS70035,164,265,291
2019-01-02 03:38,PMS70035,169,270,296
2019-01-02 03:39,PMS70035,169,274,299
2019-01-02 03:40,PMS70035,169,278,309
2019-01-02 03:41,PMS70035,169,280,311
2019-01-02 03:42,PMS70035,173,277,313
2019-01-02 03:43,PMS70035,173,287,313
2019-01-02 03:44,PMS70035,169,274,303
2019-01-02 03:45,PMS70035,172,292,322
2019-01-02 03:46,PMS70035,168,280,312
2019-01-02 03:47,PMS70035,175,283,316
2019-01-02 03:48,PMS70035,173,287,317
2019-01-02 03:49,PMS70035,170,277,308
2019-01-02 03:50,PMS70035,178,291,317
2019-01-02 03:51,PMS70035,171,278,315
2019-01-02 03:52,PMS70035,174,278,310
2019-01-02 03:53,PMS70035,166,272,300
2019-01-02 03:54,PMS70035,170,283,315
2019-01-02 03:55,PMS70035,173,291,328
2019-01-02 03:56,PMS70035,165,278,305
2019-01-02 03:57,PMS70035,172,284,318
2019-01-02 03:58,PMS70035,171,281,314
2019-01-02 03:59,PMS70035,163,284,321
2019-01-02 04:00,PMS70035,170,285,318
2019-01-02 04:01,PMS70035,168,282,330
2019-01-02 04:02,PMS70035,173,285,309
2019-01-02 04:03,PMS70035,171,283,324
2019-01-02 04:04,PMS70035,173,277,308
2019-01-02 04:05,PMS70035,168,283,319
2019-01-02 04:06,PMS70035,168,281,307
2019-01-02 04:07,PMS70035,163,269,304
2019-01-02 04:08,PMS70035,168,276,308
2019-01-02 04:09,PMS70035,173,289,329
2019-01-02 04:10,PMS70035,161,265,298
2019-01-02 04:11,PMS70035,164,275,307
2019-01-02 04:12,PMS70035,166,274,298
2019-01-02 04:13,PMS70035,163,273,305
2019-01-02 04:14,PMS70035,165,267,301
2019-01-02 04:15,PMS70035,170,283,311
2019-01-02 04:16,PMS70035,168,290,314
2019-01-02 04:17,PMS70035,177,287,319
2019-01-02 04:18,PMS70035,171,283,313
2019-01-02 04:19,PMS70035,172,285,319
2019-01-02 04:20,PMS70035,166,289,315
2019-01-02 04:21,PMS70035,167,269,307
2019-01-02 04:22,PMS70035,166,276,299
2019-01-02 04:23,PMS70035,168,279,315
2019-01-02 04:24,PMS70035,170,282,310
2019-01-02 04:25,PMS70035,174,287,317
2019-01-02 04:26,PMS70035,170,283,316
2019-01-02 04:27,PMS70035,176,289,326
2019-01-02 04:28,PMS70035,171,281,311
2019-01-02 04:29,PMS70035,159,264,295
2019-01-02 04:30,PMS70035,163,265,300
2019-01-02 04:31,PMS70035,161,263,295
2019-01-02 04:32,PMS70035,169,274,299
2019-01-02 04:33,PMS70035,174,286,321
2019-01-02 04:34,PMS70035,160,275,312
2019-01-02 04:35,PMS70035,173,277,302
2019-01-02 04:36,PMS70035,168,279,314
2019-01-02 04:37,PMS70035,162,267,301
2019-01-02 04:38,PMS70035,166,281,318
2019-01-02 04:39,PMS70035,163,269,297
2019-01-02 04:40,PMS70035,166,273,305
2019-01-02 04:41,PMS70035,167,271,301
2019-01-02 04:42,PMS70035,151,245,268
2019-01-02 04:43,PMS70035,166,279,309
2019-01-02 04:44,PMS70035,163,268,300
2019-01-02 04:45,PMS70035,158,259,284
2019-01-02 04:46,PMS70035,162,273,305
2019-01-02 04:47,PMS70035,167,279,321
2019-01-02 04:48,PMS70035,170,272,293
2019-01-02 04:49,PMS70035,157,251,275
2019-01-02 04:50,PMS70035,162,262,286
2019-01-02 04:51,PMS70035,168,281,307
2019-01-02 04:52,PMS70035,163,273,315
2019-01-02 04:53,PMS70035,164,268,300
2019-01-02 04:54,PMS70035,167,275,301
2019-01-02 04:55,PMS70035,165,267,302
2019-01-02 04:56,PMS70035,159,265,302
2019-01-02 04:57,PMS70035,164,277,307
2019-01-02 04:58,PMS70035,171,274,316
2019-01-02 04:59,PMS70035,170,281,306
2019-01-02 05:00,PMS70035,172,287,324
2019-01-02 05:01,PMS70035,175,292,333
2019-01-02 05:02,PMS70035,179,301,333
2019-01-02 05:03,PMS70035,174,292,327
2019-01-02 05:04,PMS70035,180,294,325
2019-01-02 05:05,PMS70035,170,287,316
2019-01-02 05:06,PMS70035,170,284,312
2019-01-02 05:07,PMS70035,168,276,309
2019-01-02 05:08,PMS70035,175,283,314
2019-01-02 05:09,PMS70035,168,280,305
2019-01-02 05:10,PMS70035,169,283,316
2019-01-02 05:11,PMS70035,165,269,300
2019-01-02 05:12,PMS70035,165,275,319
2019-01-02 05:13,PMS70035,159,263,289
2019-01-02 05:14,PMS70035,163,265,291
2019-01-02 05:15,PMS70035,170,282,317
2019-01-02 05:16,PMS70035,164,277,309
2019-01-02 05:17,PMS70035,160,264,296
2019-01-02 05:18,PMS70035,157,262,295
2019-01-02 05:19,PMS70035,162,267,292
2019-01-02 05:20,PMS70035,156,256,276
2019-01-02 05:21,PMS70035,153,246,272
2019-01-02 05:22,PMS70035,161,266,298
2019-01-02 05:23,PMS70035,163,260,289
2019-01-02 05:24,PMS70035,157,261,293
2019-01-02 05:25,PMS70035,161,259,279
2019-01-02 05:26,PMS70035,168,270,305
2019-01-02 05:27,PMS70035,170,287,320
2019-01-02 05:28,PMS70035,169,283,308
2019-01-02 05:29,PMS70035,165,283,317
2019-01-02 05:30,PMS70035,169,288,315
2019-01-02 05:31,PMS70035,178,289,317
2019-01-02 05:32,PMS70035,166,283,314
2019-01-02 05:33,PMS70035,173,293,319
2019-01-02 05:34,PMS70035,164,270,305
2019-01-02 05:35,PMS70035,167,270,301
2019-01-02 05:36,PMS70035,153,252,287
2019-01-02 05:37,PMS70035,156,263,294
2019-01-02 05:38,PMS70035,163,271,298
2019-01-02 05:39,PMS70035,159,262,291
2019-01-02 05:40,PMS70035,164,275,299
2019-01-02 05:41,PMS70035,166,277,300
2019-01-02 05:42,PMS70035,169,282,312
2019-01-02 05:43,PMS70035,171,286,315
2019-01-02 05:44,PMS70035,173,287,324
2019-01-02 05:45,PMS70035,172,288,322
2019-01-02 05:46,PMS70035,162,269,298
2019-01-02 05:47,PMS70035,159,262,288
2019-01-02 05:48,PMS70035,163,272,297
2019-01-02 05:49,PMS70035,162,273,313
2019-01-02 05:50,PMS70035,164,267,299
2019-01-02 05:51,PMS70035,161,269,299
2019-01-02 05:52,PMS70035,158,267,297
2019-01-02 05:53,PMS70035,159,258,296
2019-01-02 05:54,PMS70035,160,271,303
2019-01-02 05:55,PMS70035,159,268,299
2019-01-02 05:56,PMS70035,162,256,283
2019-01-02 05:57,PMS70035,161,265,288
2019-01-02 05:58,PMS70035,155,256,280
2019-01-02 05:59,PMS70035,152,254,278
2019-01-02 06:00,PMS70035,151,243,277
2019-01-02 06:01,PMS70035,153,243,272
2019-01-02 06:02,PMS70035,154,255,285
2019-01-02 06:03,PMS70035,159,260,292
2019-01-02 06:04,PMS70035,160,262,292
2019-01-02 06:05,PMS70035,151,246,283
2019-01-02 06:06,PMS70035,152,239,268
2019-01-02 06:07,PMS70035,156,249,279
2019-01-02 06:08,PMS70035,157,257,283
2019-01-02 06:09,PMS70035,165,265,296
2019-01-02 06:10,PMS70035,165,272,315
2019-01-02 06:11,PMS70035,161,263,290
2019-01-02 06:12,PMS70035,163,276,303
2019-01-02 06:13,PMS70035,160,264,297
2019-01-02 06:14,PMS70035,163,273,309
2019-01-02 06:15,PMS70035,164,281,314
2019-01-02 06:16,PMS70035,169,275,302
2019-01-02 06:17,PMS70035,163,267,294
2019-01-02 06:18,PMS70035,172,285,318
2019-01-02 06:19,PMS70035,163,267,290
2019-01-02 06:20,PMS70035,160,274,314
2019-01-02 06:21,PMS70035,164,275,320
2019-01-02 06:22,PMS70035,160,265,299
2019-01-02 06:23,PMS70035,161,262,295
2019-01-02 06:24,PMS70035,166,274,312
2019-01-02 06:25,PMS70035,167,275,315
2019-01-02 06:26,PMS70035,161,269,291
2019-01-02 06:27,PMS70035,158,264,300
2019-01-02 06:28,PMS70035,165,275,307
2019-01-02 06:29,PMS70035,160,273,292
2019-01-02 06:30,PMS70035,164,274,302
2019-01-02 06:31,PMS70035,164,265,295
2019-01-02 06:32,PMS70035,160,270,299
2019-01-02 06:33,PMS70035,171,279,311
2019-01-02 06:34,PMS70035,159,270,297
2019-01-02 06:35,PMS70035,162,267,299
2019-01-02 06:36,PMS70035,159,256,280
2019-01-02 06:37,PMS70035,160,262,287
2019-01-02 06:38,PMS70035,158,264,297
2019-01-02 06:39,PMS70035,157,269,295
2019-01-02 06:40,PMS70035,157,258,285
2019-01-02 06:41,PMS70035,158,266,294
2019-01-02 06:42,PMS70035,165,264,290
2019-01-02 06:43,PMS70035,164,271,301
2019-01-02 06:44,PMS70035,161,267,312
2019-01-02 06:45,PMS70035,163,259,294
2019-01-02 06:46,PMS70035,160,274,297
2019-01-02 06:47,PMS70035,168,272,304
2019-01-02 06:48,PMS70035,164,274,302
2019-01-02 06:49,PMS70035,168,281,313
2019-01-02 06:50,PMS70035,166,280,320
2019-01-02 06:51,PMS70035,159,267,299
2019-01-02 06:52,PMS70035,167,281,310
2019-01-02 06:53,PMS70035,172,289,334
2019-01-02 06:54,PMS70035,173,286,314
2019-01-02 06:55,PMS70035,160,267,294
2019-01-02 06:56,PMS70035,165,271,308
2019-01-02 06:57,PMS70035,164,275,313
2019-01-02 06:58,PMS70035,168,286,309
2019-01-02 06:59,PMS70035,170,278,319
2019-01-02 07:00,PMS70035,171,279,321
2019-01-02 07:01,PMS70035,168,281,316
2019-01-02 07:02,PMS70035,172,290,328
2019-01-02 07:03,PMS70035,162,265,289
2019-01-02 07:04,PMS70035,161,263,298
2019-01-02 07:05,PMS70035,165,278,313
2019-01-02 07:06,PMS70035,161,267,305
2019-01-02 07:07,PMS70035,163,270,301
2019-01-02 07:08,PMS70035,162,274,302
2019-01-02 07:09,PMS70035,164,268,291
2019-01-02 07:10,PMS70035,169,276,301
2019-01-02 07:11,PMS70035,159,257,281
2019-01-02 07:12,PMS70035,163,272,297
2019-01-02 07:13,PMS70035,159,267,295
2019-01-02 07:14,PMS70035,163,271,301
2019-01-02 07:15,PMS70035,163,271,307
2019-01-02 07:16,PMS70035,164,261,299
2019-01-02 07:17,PMS70035,170,287,316
2019-01-02 07:18,PMS70035,167,274,304
2019-01-02 07:19,PMS70035,170,283,316
2019-01-02 07:20,PMS70035,169,265,290
2019-01-02 07:21,PMS70035,168,285,310
2019-01-02 07:22,PMS70035,175,297,331
2019-01-02 07:23,PMS70035,170,274,306
2019-01-02 07:24,PMS70035,177,288,316
2019-01-02 07:25,PMS70035,179,309,345
2019-01-02 07:26,PMS70035,177,297,333
2019-01-02 07:27,PMS70035,183,299,324
2019-01-02 07:28,PMS70035,179,299,333
2019-01-02 07:29,PMS70035,177,292,330
2019-01-02 07:30,PMS70035,181,303,343
2019-01-02 07:31,PMS70035,177,297,331
2019-01-02 07:32,PMS70035,184,309,354
2019-01-02 07:33,PMS70035,179,297,335
2019-01-02 07:34,PMS70035,175,301,339
2019-01-02 07:35,PMS70035,167,282,314
2019-01-02 07:36,PMS70035,172,281,316
2019-01-02 07:37,PMS70035,178,296,326
2019-01-02 07:38,PMS70035,182,297,326
2019-01-02 07:39,PMS70035,189,315,354
2019-01-02 07:40,PMS70035,184,303,333
2019-01-02 07:41,PMS70035,179,312,350
2019-01-02 07:42,PMS70035,192,312,353
2019-01-02 07:43,PMS70035,190,315,340
2019-01-02 07:44,PMS70035,187,313,341
2019-01-02 07:45,PMS70035,194,329,365
2019-01-02 07:46,PMS70035,187,320,351
2019-01-02 07:47,PMS70035,183,316,349
2019-01-02 07:48,PMS70035,189,313,359
2019-01-02 07:49,PMS70035,190,312,347
2019-01-02 07:50,PMS70035,191,321,367
2019-01-02 07:51,PMS70035,185,308,349
2019-01-02 07:52,PMS70035,183,308,351
2019-01-02 07:53,PMS70035,182,303,340
2019-01-02 07:54,PMS70035,191,313,351
2019-01-02 07:55,PMS70035,183,303,348
2019-01-02 07:56,PMS70035,183,312,349
2019-01-02 07:57,PMS70035,185,309,334
2019-01-02 07:58,PMS70035,186,303,333
2019-01-02 07:59,PMS70035,183,307,349
2019-01-02 08:00,PMS70035,170,276,310
2019-01-02 08:01,PMS70035,180,304,343
2019-01-02 08:02,PMS70035,175,292,320
2019-01-02 08:03,PMS70035,179,300,330
2019-01-02 08:04,PMS70035,185,307,350
2019-01-02 08:05,PMS70035,179,294,320
2019-01-02 08:06,PMS70035,182,304,337
2019-01-02 08:07,PMS70035,183,302,332
2019-01-02 08:08,PMS70035,181,298,340
2019-01-02 08:09,PMS70035,186,314,369
2019-01-02 08:10,PMS70035,187,313,343
2019-01-02 08:11,PMS70035,189,315,360
2019-01-02 08:12,PMS70035,191,317,355
2019-01-02 08:13,PMS70035,189,315,348
2019-01-02 08:14,PMS70035,189,328,376
2019-01-02 08:15,PMS70035,187,306,339
2019-01-02 08:16,PMS70035,188,321,355
2019-01-02 08:17,PMS70035,187,304,342
2019-01-02 08:18,PMS70035,189,319,352
2019-01-02 08:19,PMS70035,183,305,337
2019-01-02 08:20,PMS70035,188,309,345
2019-01-02 08:21,PMS70035,184,307,338
2019-01-02 08:22,PMS70035,190,319,356
2019-01-02 08:23,PMS70035,187,311,339
2019-01-02 08:24,PMS70035,178,300,335
2019-01-02 08:25,PMS70035,189,319,359
2019-01-02 08:26,PMS70035,189,313,349
2019-01-02 08:27,PMS70035,189,309,351
2019-01-02 08:28,PMS70035,191,326,366
2019-01-02 08:29,PMS70035,191,318,356
2019-01-02 08:30,PMS70035,195,321,355
2019-01-02 08:31,PMS70035,188,312,343
2019-01-02 08:32,PMS70035,189,319,352
2019-01-02 08:33,PMS70035,186,315,362
2019-01-02 08:34,PMS70035,192,321,363
2019-01-02 08:35,PMS70035,188,321,353
2019-01-02 08:36,PMS70035,185,307,350
2019-01-02 08:37,PMS70035,187,308,340
2019-01-02 08:38,PMS70035,188,317,342
2019-01-02 08:39,PMS70035,191,320,371
2019-01-02 08:40,PMS70035,190,318,359
2019-01-02 08:41,PMS70035,190,317,346
2019-01-02 08:42,PMS70035,192,325,362
2019-01-02 08:43,PMS70035,193,330,364
2019-01-02 08:44,PMS70035,194,329,365
2019-01-02 08:45,PMS70035,201,337,368
2019-01-02 08:46,PMS70035,199,336,377
2019-01-02 08:47,PMS70035,192,322,371
2019-01-02 08:48,PMS70035,186,316,349
2019-01-02 08:49,PMS70035,185,305,339
2019-01-02 08:50,PMS70035,193,322,355
2019-01-02 08:51,PMS70035,196,333,369
2019-01-02 08:52,PMS70035,195,339,390
2019-01-02 08:53,PMS70035,193,333,371
2019-01-02 08:54,PMS70035,190,323,367
2019-01-02 08:55,PMS70035,196,329,367
2019-01-02 08:56,PMS70035,192,319,353
2019-01-02 08:57,PMS70035,193,331,358
2019-01-02 08:58,PMS70035,191,319,357
2019-01-02 08:59,PMS70035,189,319,352
2019-01-02 09:00,PMS70035,195,333,364
2019-01-02 09:01,PMS70035,189,319,361
2019-01-02 09:02,PMS70035,195,323,368
2019-01-02 09:03,PMS70035,189,318,358
2019-01-02 09:04,PMS70035,187,317,349
2019-01-02 09:05,PMS70035,185,308,347
2019-01-02 09:06,PMS70035,187,313,351
2019-01-02 09:07,PMS70035,185,315,346
2019-01-02 09:08,PMS70035,187,319,355
2019-01-02 09:09,PMS70035,187,309,346
2019-01-02 09:10,PMS70035,189,308,345
2019-01-02 09:11,PMS70035,181,304,347
2019-01-02 09:12,PMS70035,185,317,366
2019-01-02 09:13,PMS70035,182,306,345
2019-01-02 09:14,PMS70035,188,315,352
2019-01-02 09:15,PMS70035,177,297,330
2019-01-02 09:16,PMS70035,182,307,345
2019-01-02 09:17,PMS70035,180,306,344
2019-01-02 09:18,PMS70035,184,308,342
2019-01-02 09:19,PMS70035,187,317,355
2019-01-02 09:20,PMS70035,182,304,344
2019-01-02 09:21,PMS70035,183,308,339
2019-01-02 09:22,PMS70035,177,304,347
2019-01-02 09:23,PMS70035,176,300,341
2019-01-02 09:24,PMS70035,177,294,325
2019-01-02 09:25,PMS70035,171,293,327
2019-01-02 09:26,PMS70035,169,288,323
2019-01-02 09:27,PMS70035,169,290,315
2019-01-02 09:28,PMS70035,172,304,338
2019-01-02 09:29,PMS70035,176,294,329
2019-01-02 09:30,PMS70035,168,280,309
2019-01-02 09:31,PMS70035,166,282,315
2019-01-02 09:32,PMS70035,161,277,316
2019-01-02 09:33,PMS70035,166,281,320
2019-01-02 09:34,PMS70035,167,289,318
2019-01-02 09:35,PMS70035,166,280,309
2019-01-02 09:36,PMS70035,163,277,317
2019-01-02 09:37,PMS70035,164,269,294
2019-01-02 09:38,PMS70035,164,277,307
2019-01-02 09:39,PMS70035,161,258,288
2019-01-02 09:40,PMS70035,163,265,306
2019-01-02 09:41,PMS70035,158,259,280
2019-01-02 09:42,PMS70035,164,281,323
2019-01-02 09:43,PMS70035,164,263,287
2019-01-02 09:44,PMS70035,157,265,291
2019-01-02 09:45,PMS70035,156,270,294
2019-01-02 09:46,PMS70035,160,269,300
2019-01-02 09:47,PMS70035,159,266,301
2019-01-02 09:48,PMS70035,162,275,299
2019-01-02 09:49,PMS70035,161,269,302
2019-01-02 09:50,PMS70035,162,277,305
2019-01-02 09:51,PMS70035,159,266,291
2019-01-02 09:52,PMS70035,161,270,312
2019-01-02 09:53,PMS70035,165,275,308
2019-01-02 09:54,PMS70035,164,276,302
2019-01-02 09:55,PMS70035,161,273,304
2019-01-02 09:56,PMS70035,160,259,296
2019-01-02 09:57,PMS70035,161,269,297
2019-01-02 09:58,PMS70035,161,267,295
2019-01-02 09:59,PMS70035,160,264,304
2019-01-02 10:00,PMS70035,161,269,311
2019-01-02 10:01,PMS70035,152,255,283
2019-01-02 10:02,PMS70035,151,254,279
2019-01-02 10:03,PMS70035,153,254,283
2019-01-02 10:04,PMS70035,150,255,288
2019-01-02 10:05,PMS70035,157,257,287
2019-01-02 10:06,PMS70035,157,263,289
2019-01-02 10:07,PMS70035,147,247,280
2019-01-02 10:08,PMS70035,151,251,284
2019-01-02 10:09,PMS70035,152,252,279
2019-01-02 10:10,PMS70035,151,251,286
2019-01-02 10:11,PMS70035,155,258,290
2019-01-02 10:12,PMS70035,146,247,268
2019-01-02 10:13,PMS70035,151,250,286
2019-01-02 10:14,PMS70035,150,246,271
2019-01-02 10:15,PMS70035,152,250,269
2019-01-02 10:16,PMS70035,149,248,271
2019-01-02 10:17,PMS70035,147,242,266
2019-01-02 10:18,PMS70035,147,246,273
2019-01-02 10:19,PMS70035,151,244,263
2019-01-02 10:20,PMS70035,146,246,274
2019-01-02 10:21,PMS70035,151,247,282
2019-01-02 10:22,PMS70035,145,240,273
2019-01-02 10:23,PMS70035,152,248,283
2019-01-02 10:24,PMS70035,149,249,286
2019-01-02 10:25,PMS70035,148,250,278
2019-01-02 10:26,PMS70035,144,242,271
2019-01-02 10:27,PMS70035,142,240,276
2019-01-02 10:28,PMS70035,146,236,269
2019-01-02 10:29,PMS70035,139,239,270
2019-01-02 10:30,PMS70035,140,234,264
2019-01-02 10:31,PMS70035,138,223,251
2019-01-02 10:32,PMS70035,134,232,261
2019-01-02 10:33,PMS70035,129,216,242
2019-01-02 10:34,PMS70035,135,229,258
2019-01-02 10:35,PMS70035,132,225,249
2019-01-02 10:36,PMS70035,130,221,248
2019-01-02 10:37,PMS70035,134,220,252
2019-01-02 10:38,PMS70035,133,220,239
2019-01-02 10:39,PMS70035,131,213,233
2019-01-02 10:40,PMS70035,129,211,226
2019-01-02 10:41,PMS70035,130,212,239
2019-01-02 10:42,PMS70035,127,205,231
2019-01-02 10:43,PMS70035,126,205,223
2019-01-02 10:44,PMS70035,119,195,217
2019-01-02 10:45,PMS70035,118,196,231
2019-01-02 10:46,PMS70035,119,193,219
2019-01-02 10:47,PMS70035,127,201,224
2019-01-02 10:48,PMS70035,118,191,207
2019-01-02 10:49,PMS70035,122,202,226
2019-01-02 10:50,PMS70035,120,193,211
2019-01-02 10:51,PMS70035,120,197,217
2019-01-02 10:52,PMS70035,118,191,208
2019-01-02 10:53,PMS70035,119,195,217
2019-01-02 10:54,PMS70035,121,201,221
2019-01-02 10:55,PMS70035,117,193,211
2019-01-02 10:56,PMS70035,119,195,217
2019-01-02 10:57,PMS70035,117,199,217
2019-01-02 10:58,PMS70035,115,195,214
2019-01-02 10:59,PMS70035,117,197,223
2019-01-02 11:00,PMS70035,114,191,211
2019-01-02 11:01,PMS70035,118,198,222
2019-01-02 11:02,PMS70035,122,205,228
2019-01-02 11:03,PMS70035,119,193,213
2019-01-02 11:04,PMS70035,118,195,222
2019-01-02 11:05,PMS70035,117,182,205
2019-01-02 11:06,PMS70035,112,179,201
2019-01-02 11:07,PMS70035,114,187,207
2019-01-02 11:08,PMS70035,118,190,212
2019-01-02 11:09,PMS70035,115,185,205
2019-01-02 11:10,PMS70035,115,191,208
2019-01-02 11:11,PMS70035,115,185,207
2019-01-02 11:12,PMS70035,111,179,206
2019-01-02 11:13,PMS70035,111,183,204
2019-01-02 11:14,PMS70035,116,188,211
2019-01-02 11:15,PMS70035,113,183,201
2019-01-02 11:16,PMS70035,109,177,190
2019-01-02 11:17,PMS70035,105,173,190
2019-01-02 11:18,PMS70035,102,169,194
2019-01-02 11:19,PMS70035,105,166,184
2019-01-02 11:20,PMS70035,105,168,189
2019-01-02 11:21,PMS70035,102,161,180
2019-01-02 11:22,PMS70035,105,167,182
2019-01-02 11:23,PMS70035,102,163,181
2019-01-02 11:24,PMS70035,101,171,193
2019-01-02 11:25,PMS70035,102,167,187
2019-01-02 11:26,PMS70035,106,172,192
2019-01-02 11:27,PMS70035,107,168,186
2019-01-02 11:28,PMS70035,107,176,197
2019-01-02 11:29,PMS70035,108,167,180
2019-01-02 11:30,PMS70035,103,169,190
2019-01-02 11:31,PMS70035,110,174,198
2019-01-02 11:32,PMS70035,105,173,193
2019-01-02 11:33,PMS70035,109,171,187
2019-01-02 11:34,PMS70035,109,177,203
2019-01-02 11:35,PMS70035,103,170,184
2019-01-02 11:36,PMS70035,109,179,198
2019-01-02 11:37,PMS70035,103,169,191
2019-01-02 11:38,PMS70035,105,178,193
2019-01-02 11:39,PMS70035,110,182,197
2019-01-02 11:40,PMS70035,111,173,189
2019-01-02 11:41,PMS70035,103,168,186
2019-01-02 11:42,PMS70035,107,173,197
2019-01-02 11:43,PMS70035,106,170,187
2019-01-02 11:44,PMS70035,105,171,189
2019-01-02 11:45,PMS70035,107,169,187
2019-01-02 11:46,PMS70035,102,168,184
2019-01-02 11:47,PMS70035,102,169,187
2019-01-02 11:48,PMS70035,102,162,184
2019-01-02 11:49,PMS70035,97,157,177
2019-01-02 11:50,PMS70035,99,159,178
2019-01-02 11:51,PMS70035,99,154,166
2019-01-02 11:52,PMS70035,98,160,174
2019-01-02 11:53,PMS70035,94,152,170
2019-01-02 11:54,PMS70035,91,147,159
2019-01-02 11:55,PMS70035,88,142,165
2019-01-02 11:56,PMS70035,87,145,159
2019-01-02 11:57,PMS70035,90,144,160
2019-01-02 11:58,PMS70035,92,143,157
2019-01-02 11:59,PMS70035,87,141,151
2019-01-02 12:00,PMS70035,90,140,153
2019-01-02 12:01,PMS70035,89,140,155
2019-01-02 12:02,PMS70035,89,140,154
2019-01-02 12:03,PMS70035,87,143,161
2019-01-02 12:04,PMS70035,85,141,153
2019-01-02 12:05,PMS70035,85,136,148
2019-01-02 12:06,PMS70035,85,134,145
2019-01-02 12:07,PMS70035,87,132,145
2019-01-02 12:08,PMS70035,89,142,160
2019-01-02 12:09,PMS70035,87,137,145
2019-01-02 12:10,PMS70035,81,131,148
2019-01-02 12:11,PMS70035,86,136,147
2019-01-02 12:12,PMS70035,82,132,147
2019-01-02 12:13,PMS70035,82,125,137
2019-01-02 12:14,PMS70035,84,133,145
2019-01-02 12:15,PMS70035,89,137,155
2019-01-02 12:16,PMS70035,83,133,149
2019-01-02 12:17,PMS70035,85,133,147
2019-01-02 12:18,PMS70035,86,137,149
2019-01-02 12:19,PMS70035,85,133,150
2019-01-02 12:20,PMS70035,86,141,153
2019-01-02 12:21,PMS70035,82,130,140
2019-01-02 12:22,PMS70035,83,132,148
2019-01-02 12:23,PMS70035,85,134,145
2019-01-02 12:24,PMS70035,86,135,153
2019-01-02 12:25,PMS70035,84,135,151
2019-01-02 12:26,PMS70035,85,130,141
2019-01-02 12:27,PMS70035,85,133,152
2019-01-02 12:28,PMS70035,84,134,144
2019-01-02 12:29,PMS70035,87,132,144
2019-01-02 12:30,PMS70035,85,136,147
2019-01-02 12:31,PMS70035,84,135,147
2019-01-02 12:32,PMS70035,84,129,144
2019-01-02 12:33,PMS70035,84,130,144
2019-01-02 12:34,PMS70035,83,130,142
2019-01-02 12:35,PMS70035,86,138,151
2019-01-02 12:36,PMS70035,87,137,145
2019-01-02 12:37,PMS70035,83,134,151
2019-01-02 12:38,PMS70035,84,131,142
2019-01-02 12:39,PMS70035,84,133,145
2019-01-02 12:40,PMS70035,86,132,144
2019-01-02 12:41,PMS70035,90,140,157
2019-01-02 12:42,PMS70035,90,141,151
2019-01-02 12:43,PMS70035,89,136,143
2019-01-02 12:44,PMS70035,77,126,138
2019-01-02 12:45,PMS70035,86,138,153
2019-01-02 12:46,PMS70035,83,131,142
2019-01-02 12:47,PMS70035,85,134,141
2019-01-02 12:48,PMS70035,82,126,134
2019-01-02 12:49,PMS70035,80,129,134
2019-01-02 12:50,PMS70035,85,132,145
2019-01-02 12:51,PMS70035,83,135,148
2019-01-02 12:52,PMS70035,85,136,147
2019-01-02 12:53,PMS70035,84,133,149
2019-01-02 12:54,PMS70035,84,131,148
2019-01-02 12:55,PMS70035,82,129,137
2019-01-02 12:56,PMS70035,83,131,145
2019-01-02 12:57,PMS70035,86,131,145
2019-01-02 12:58,PMS70035,83,127,136
2019-01-02 12:59,PMS70035,87,139,146
2019-01-02 13:00,PMS70035,84,130,144
2019-01-02 13:01,PMS70035,87,132,144
2019-01-02 13:02,PMS70035,83,132,145
2019-01-02 13:03,PMS70035,87,134,140
2019-01-02 13:04,PMS70035,83,130,143
2019-01-02 13:05,PMS70035,85,132,139
2019-01-02 13:06,PMS70035,84,129,139
2019-01-02 13:07,PMS70035,86,133,144
2019-01-02 13:08,PMS70035,87,136,151
2019-01-02 13:09,PMS70035,85,136,142
2019-01-02 13:10,PMS70035,82,126,133
2019-01-02 13:11,PMS70035,86,138,146
2019-01-02 13:12,PMS70035,81,134,145
2019-01-02 13:13,PMS70035,88,135,147
2019-01-02 13:14,PMS70035,85,132,144
2019-01-02 13:15,PMS70035,90,139,149
2019-01-02 13:16,PMS70035,87,132,141
2019-01-02 13:17,PMS70035,86,132,141
2019-01-02 13:18,PMS70035,90,139,152
2019-01-02 13:19,PMS70035,87,137,145
2019-01-02 13:20,PMS70035,87,134,145
2019-01-02 13:21,PMS70035,88,137,148
2019-01-02 13:22,PMS70035,83,126,139
2019-01-02 13:23,PMS70035,85,128,138
2019-01-02 13:24,PMS70035,84,135,143
2019-01-02 13:25,PMS70035,86,140,145
2019-01-02 13:26,PMS70035,87,135,145
2019-01-02 13:27,PMS70035,88,136,151
2019-01-02 13:28,PMS70035,83,132,142
2019-01-02 13:29,PMS70035,84,128,137
2019-01-02 13:30,PMS70035,86,137,145
2019-01-02 13:31,PMS70035,79,123,133
2019-01-02 13:32,PMS70035,83,127,132
2019-01-02 13:33,PMS70035,78,123,136
2019-01-02 13:34,PMS70035,82,125,136
2019-01-02 13:35,PMS70035,80,126,136
2019-01-02 13:36,PMS70035,82,132,142
2019-01-02 13:37,PMS70035,86,128,133
2019-01-02 13:38,PMS70035,81,123,131
2019-01-02 13:39,PMS70035,82,127,141
2019-01-02 13:40,PMS70035,87,133,142
2019-01-02 13:41,PMS70035,85,130,140
2019-01-02 13:42,PMS70035,82,132,137
2019-01-02 13:43,PMS70035,80,122,133
2019-01-02 13:44,PMS70035,83,127,137
2019-01-02 13:45,PMS70035,79,122,130
2019-01-02 13:46,PMS70035,81,130,136
2019-01-02 13:47,PMS70035,81,124,134
2019-01-02 13:48,PMS70035,78,122,131
2019-01-02 13:49,PMS70035,80,122,128
2019-01-02 13:50,PMS70035,78,117,126
2019-01-02 13:51,PMS70035,81,124,137
2019-01-02 13:52,PMS70035,79,122,131
2019-01-02 13:53,PMS70035,80,124,136
2019-01-02 13:54,PMS70035,83,130,136
2019-01-02 13:55,PMS70035,80,122,131
2019-01-02 13:56,PMS70035,79,124,136
2019-01-02 13:57,PMS70035,82,128,138
2019-01-02 13:58,PMS70035,82,126,138
2019-01-02 13:59,PMS70035,81,124,133
2019-01-02 14:00,PMS70035,80,127,140
2019-01-02 14:01,PMS70035,84,127,135
2019-01-02 14:02,PMS70035,81,123,133
2019-01-02 14:03,PMS70035,79,122,131
2019-01-02 14:04,PMS70035,79,123,128
2019-01-02 14:05,PMS70035,82,126,138
2019-01-02 14:06,PMS70035,78,119,130
2019-01-02 14:07,PMS70035,78,117,127
2019-01-02 14:08,PMS70035,76,112,122
2019-01-02 14:09,PMS70035,78,119,129
2019-01-02 14:10,PMS70035,76,118,128
2019-01-02 14:11,PMS70035,78,122,127
2019-01-02 14:12,PMS70035,74,118,127
2019-01-02 14:13,PMS70035,75,111,119
2019-01-02 14:14,PMS70035,74,113,121
2019-01-02 14:15,PMS70035,71,106,115
2019-01-02 14:16,PMS70035,67,102,109
2019-01-02 14:17,PMS70035,69,104,114
2019-01-02 14:18,PMS70035,67,107,117
2019-01-02 14:19,PMS70035,69,109,115
2019-01-02 14:20,PMS70035,67,103,108
2019-01-02 14:21,PMS70035,68,108,118
2019-01-02 14:22,PMS70035,70,104,115
2019-01-02 14:23,PMS70035,71,113,122
2019-01-02 14:24,PMS70035,69,103,114
2019-01-02 14:25,PMS70035,75,117,125
2019-01-02 14:26,PMS70035,70,109,117
2019-01-02 14:27,PMS70035,68,111,117
2019-01-02 14:28,PMS70035,67,103,113
2019-01-02 14:29,PMS70035,70,111,123
2019-01-02 14:30,PMS70035,69,108,116
2019-01-02 14:31,PMS70035,67,110,117
2019-01-02 14:32,PMS70035,70,108,119
2019-01-02 14:33,PMS70035,65,106,115
2019-01-02 14:34,PMS70035,68,106,120
2019-01-02 14:35,PMS70035,67,105,116
2019-01-02 14:36,PMS70035,70,109,117
2019-01-02 14:37,PMS70035,66,105,110
2019-01-02 14:38,PMS70035,71,107,116
2019-01-02 14:39,PMS70035,66,103,115
2019-01-02 14:40,PMS70035,69,112,123
2019-01-02 14:41,PMS70035,70,110,117
2019-01-02 14:42,PMS70035,67,103,112
2019-01-02 14:43,PMS70035,64,100,110
2019-01-02 14:44,PMS70035,64,103,110
2019-01-02 14:45,PMS70035,65,100,108
2019-01-02 14:46,PMS70035,69,106,112
2019-01-02 14:47,PMS70035,69,108,118
2019-01-02 14:48,PMS70035,66,107,119
2019-01-02 14:49,PMS70035,69,109,115
2019-01-02 14:50,PMS70035,67,104,115
2019-01-02 14:51,PMS70035,67,107,115
2019-01-02 14:52,PMS70035,65,101,112
2019-01-02 14:53,PMS70035,65,103,113
2019-01-02 14:54,PMS70035,65,101,108
2019-01-02 14:55,PMS70035,70,102,108
2019-01-02 14:56,PMS70035,68,106,113
2019-01-02 14:57,PMS70035,66,105,114
2019-01-02 14:58,PMS70035,66,104,112
2019-01-02 14:59,PMS70035,74,116,126
2019-01-02 15:00,PMS70035,67,107,116
2019-01-02 15:01,PMS70035,66,104,118
2019-01-02 15:02,PMS70035,68,105,116
2019-01-02 15:03,PMS70035,65,104,116
2019-01-02 15:04,PMS70035,67,108,115
2019-01-02 15:05,PMS70035,67,103,113
2019-01-02 15:06,PMS70035,71,105,115
2019-01-02 15:07,PMS70035,67,108,120
2019-01-02 15:08,PMS70035,68,107,123
2019-01-02 15:09,PMS70035,69,111,124
2019-01-02 15:10,PMS70035,71,110,120
2019-01-02 15:11,PMS70035,65,107,119
2019-01-02 15:12,PMS70035,69,107,117
2019-01-02 15:13,PMS70035,69,106,123
2019-01-02 15:14,PMS70035,69,109,121
2019-01-02 15:15,PMS70035,70,110,122
2019-01-02 15:16,PMS70035,71,116,130
2019-01-02 15:17,PMS70035,71,113,119
2019-01-02 15:18,PMS70035,70,113,122
2019-01-02 15:19,PMS70035,72,115,126
2019-01-02 15:20,PMS70035,73,114,129
2019-01-02 15:21,PMS70035,74,116,133
2019-01-02 15:22,PMS70035,72,112,127
2019-01-02 15:23,PMS70035,72,112,125
2019-01-02 15:24,PMS70035,72,111,123
2019-01-02 15:25,PMS70035,71,110,126
2019-01-02 15:26,PMS70035,73,113,128
2019-01-02 15:27,PMS70035,76,120,130
2019-01-02 15:28,PMS70035,76,124,138
2019-01-02 15:29,PMS70035,75,117,123
2019-01-02 15:30,PMS70035,75,119,131
2019-01-02 15:31,PMS70035,71,116,126
2019-01-02 15:32,PMS70035,73,115,126
2019-01-02 15:33,PMS70035,73,118,128
2019-01-02 15:34,PMS70035,70,109,118
2019-01-02 15:35,PMS70035,76,113,120
2019-01-02 15:36,PMS70035,73,111,123
2019-01-02 15:37,PMS70035,77,122,135
2019-01-02 15:38,PMS70035,72,117,128
2019-01-02 15:39,PMS70035,75,114,127
2019-01-02 15:40,PMS70035,73,116,129
2019-01-02 15:41,PMS70035,74,110,116
2019-01-02 15:42,PMS70035,69,114,127
2019-01-02 15:43,PMS70035,73,110,123
2019-01-02 15:44,PMS70035,74,120,135
2019-01-02 15:45,PMS70035,75,115,133
2019-01-02 15:46,PMS70035,71,114,124
2019-01-02 15:47,PMS70035,76,115,126
2019-01-02 15:48,PMS70035,72,117,121
2019-01-02 15:49,PMS70035,72,113,125
2019-01-02 15:50,PMS70035,72,115,126
2019-01-02 15:51,PMS70035,70,114,122
2019-01-02 15:52,PMS70035,71,114,127
2019-01-02 15:53,PMS70035,72,113,127
2019-01-02 15:54,PMS70035,72,110,124
2019-01-02 15:55,PMS70035,75,115,124
2019-01-02 15:56,PMS70035,74,113,127
2019-01-02 15:57,PMS70035,70,110,126
2019-01-02 15:58,PMS70035,70,113,125
2019-01-02 15:59,PMS70035,74,116,120
2019-01-02 16:00,PMS70035,73,119,129
2019-01-02 16:01,PMS70035,73,114,129
2019-01-02 16:02,PMS70035,71,116,125
2019-01-02 16:03,PMS70035,69,111,123
2019-01-02 16:04,PMS70035,69,113,129
2019-01-02 16:05,PMS70035,72,117,127
2019-01-02 16:06,PMS70035,71,113,122
2019-01-02 16:07,PMS70035,71,112,124
2019-01-02 16:08,PMS70035,69,105,115
2019-01-02 16:09,PMS70035,71,114,124
2019-01-02 16:10,PMS70035,73,113,128
2019-01-02 16:11,PMS70035,71,109,119
2019-01-02 16:12,PMS70035,76,118,129
2019-01-02 16:13,PMS70035,71,113,127
2019-01-02 16:14,PMS70035,67,105,114
2019-01-02 16:15,PMS70035,75,123,135
2019-01-02 16:16,PMS70035,76,121,135
2019-01-02 16:17,PMS70035,71,111,122
2019-01-02 16:18,PMS70035,75,115,123
2019-01-02 16:19,PMS70035,74,116,123
2019-01-02 16:20,PMS70035,75,112,127
2019-01-02 16:21,PMS70035,73,116,129
2019-01-02 16:22,PMS70035,72,115,129
2019-01-02 16:23,PMS70035,74,116,126
2019-01-02 16:24,PMS70035,72,117,136
2019-01-02 16:25,PMS70035,73,118,132
2019-01-02 16:26,PMS70035,77,123,135
2019-01-02 16:27,PMS70035,75,112,126
2019-01-02 16:28,PMS70035,74,117,131
2019-01-02 16:29,PMS70035,78,122,134
2019-01-02 16:30,PMS70035,79,126,141
2019-01-02 16:31,PMS70035,79,123,135
2019-01-02 16:32,PMS70035,75,117,125
2019-01-02 16:33,PMS70035,81,125,136
2019-01-02 16:34,PMS70035,78,125,135
2019-01-02 16:35,PMS70035,77,121,137
2019-01-02 16:36,PMS70035,80,127,147
2019-01-02 16:37,PMS70035,77,121,132
2019-01-02 16:38,PMS70035,83,127,137
2019-01-02 16:39,PMS70035,79,121,132
2019-01-02 16:40,PMS70035,76,121,132
2019-01-02 16:41,PMS70035,79,124,132
2019-01-02 16:42,PMS70035,78,121,137
2019-01-02 16:43,PMS70035,76,121,135
2019-01-02 16:44,PMS70035,75,116,130
2019-01-02 16:45,PMS70035,72,114,127
2019-01-02 16:46,PMS70035,71,117,129
2019-01-02 16:47,PMS70035,75,119,135
2019-01-02 16:48,PMS70035,76,113,126
2019-01-02 16:49,PMS70035,72,114,130
2019-01-02 16:50,PMS70035,71,115,125
2019-01-02 16:51,PMS70035,76,121,128
2019-01-02 16:52,PMS70035,73,113,131
2019-01-02 16:53,PMS70035,72,115,119
2019-01-02 16:54,PMS70035,75,122,133
2019-01-02 16:55,PMS70035,75,117,128
2019-01-02 16:56,PMS70035,76,120,138
2019-01-02 16:57,PMS70035,73,123,141
2019-01-02 16:58,PMS70035,71,113,131
2019-01-02 16:59,PMS70035,76,120,132
2019-01-02 17:00,PMS70035,80,125,134
2019-01-02 17:01,PMS70035,73,118,131
2019-01-02 17:02,PMS70035,73,122,133
2019-01-02 17:03,PMS70035,73,113,127
2019-01-02 17:04,PMS70035,75,117,129
2019-01-02 17:05,PMS70035,73,115,129
2019-01-02 17:06,PMS70035,79,124,137
2019-01-02 17:07,PMS70035,78,119,131
2019-01-02 17:08,PMS70035,79,120,139
2019-01-02 17:09,PMS70035,77,123,139
2019-01-02 17:10,PMS70035,77,122,131
2019-01-02 17:11,PMS70035,80,124,135
2019-01-02 17:12,PMS70035,78,123,135
2019-01-02 17:13,PMS70035,78,119,137
2019-01-02 17:14,PMS70035,81,122,137
2019-01-02 17:15,PMS70035,75,121,135
2019-01-02 17:16,PMS70035,80,123,131
2019-01-02 17:17,PMS70035,81,123,136
2019-01-02 17:18,PMS70035,76,127,146
2019-01-02 17:19,PMS70035,77,121,136
2019-01-02 17:20,PMS70035,76,126,142
2019-01-02 17:21,PMS70035,79,122,139
2019-01-02 17:22,PMS70035,81,129,143
2019-01-02 17:23,PMS70035,79,130,146
2019-01-02 17:24,PMS70035,81,125,140
2019-01-02 17:25,PMS70035,80,128,140
2019-01-02 17:26,PMS70035,84,135,145
2019-01-02 17:27,PMS70035,79,125,145
2019-01-02 17:28,PMS70035,85,134,149
2019-01-02 17:29,PMS70035,85,135,143
2019-01-02 17:30,PMS70035,85,139,153
2019-01-02 17:31,PMS70035,85,135,152
2019-01-02 17:32,PMS70035,87,139,163
2019-01-02 17:33,PMS70035,89,141,153
2019-01-02 17:34,PMS70035,91,146,167
2019-01-02 17:35,PMS70035,87,140,157
2019-01-02 17:36,PMS70035,85,138,156
2019-01-02 17:37,PMS70035,86,140,162
2019-01-02 17:38,PMS70035,87,140,147
2019-01-02 17:39,PMS70035,88,137,147
2019-01-02 17:40,PMS70035,92,147,159
2019-01-02 17:41,PMS70035,88,144,158
2019-01-02 17:42,PMS70035,92,147,165
2019-01-02 17:43,PMS70035,91,149,164
2019-01-02 17:44,PMS70035,89,143,159
2019-01-02 17:45,PMS70035,93,148,163
2019-01-02 17:46,PMS70035,91,144,163
2019-01-02 17:47,PMS70035,93,147,164
2019-01-02 17:48,PMS70035,94,149,163
2019-01-02 17:49,PMS70035,94,148,171
2019-01-02 17:50,PMS70035,92,148,164
2019-01-02 17:51,PMS70035,89,143,164
2019-01-02 17:52,PMS70035,95,141,156
2019-01-02 17:53,PMS70035,94,155,173
2019-01-02 17:54,PMS70035,94,148,160
2019-01-02 17:55,PMS70035,96,150,169
2019-01-02 17:56,PMS70035,100,156,176
2019-01-02 17:57,PMS70035,97,151,169
2019-01-02 17:58,PMS70035,92,153,174
2019-01-02 17:59,PMS70035,96,153,171
2019-01-02 18:00,PMS70035,100,159,176
2019-01-02 18:01,PMS70035,95,153,169
2019-01-02 18:02,PMS70035,93,145,164
2019-01-02 18:03,PMS70035,97,156,168
2019-01-02 18:04,PMS70035,100,150,164
2019-01-02 18:05,PMS70035,95,153,171
2019-01-02 18:06,PMS70035,97,148,160
2019-01-02 18:07,PMS70035,97,151,168
2019-01-02 18:08,PMS70035,98,154,173
2019-01-02 18:09,PMS70035,99,157,173
2019-01-02 18:10,PMS70035,102,155,167
2019-01-02 18:11,PMS70035,97,149,166
2019-01-02 18:12,PMS70035,99,154,170
2019-01-02 18:13,PMS70035,100,161,174
2019-01-02 18:14,PMS70035,95,150,165
2019-01-02 18:15,PMS70035,100,160,174
2019-01-02 18:16,PMS70035,102,160,177
2019-01-02 18:17,PMS70035,101,161,183
2019-01-02 18:18,PMS70035,99,161,173
2019-01-02 18:19,PMS70035,98,156,168
2019-01-02 18:20,PMS70035,96,153,171
2019-01-02 18:21,PMS70035,103,159,177
2019-01-02 18:22,PMS70035,101,158,171
2019-01-02 18:23,PMS70035,100,159,176
2019-01-02 18:24,PMS70035,107,168,179
2019-01-02 18:25,PMS70035,100,159,179
2019-01-02 18:26,PMS70035,102,167,187
2019-01-02 18:27,PMS70035,107,164,179
2019-01-02 18:28,PMS70035,107,173,193
2019-01-02 18:29,PMS70035,110,176,193
2019-01-02 18:30,PMS70035,104,167,190
2019-01-02 18:31,PMS70035,111,178,199
2019-01-02 18:32,PMS70035,111,177,191
2019-01-02 18:33,PMS70035,113,180,196
2019-01-02 18:34,PMS70035,112,175,194
2019-01-02 18:35,PMS70035,112,175,189
2019-01-02 18:36,PMS70035,112,180,205
2019-01-02 18:37,PMS70035,116,179,199
2019-01-02 18:38,PMS70035,113,175,194
2019-01-02 18:39,PMS70035,110,177,198
2019-01-02 18:40,PMS70035,113,180,205
2019-01-02 18:41,PMS70035,113,180,201
2019-01-02 18:42,PMS70035,118,181,191
2019-01-02 18:43,PMS70035,113,186,205
2019-01-02 18:44,PMS70035,119,192,215
2019-01-02 18:45,PMS70035,116,186,214
2019-01-02 18:46,PMS70035,118,181,199
2019-01-02 18:47,PMS70035,115,186,201
2019-01-02 18:48,PMS70035,125,193,215
2019-01-02 18:49,PMS70035,120,185,205
2019-01-02 18:50,PMS70035,123,197,206
2019-01-02 18:51,PMS70035,124,194,214
2019-01-02 18:52,PMS70035,120,194,214
2019-01-02 18:53,PMS70035,120,192,209
2019-01-02 18:54,PMS70035,122,195,213
2019-01-02 18:55,PMS70035,124,197,218
2019-01-02 18:56,PMS70035,129,205,228
2019-01-02 18:57,PMS70035,122,193,218
2019-01-02 18:58,PMS70035,128,201,230
2019-01-02 18:59,PMS70035,125,195,209
2019-01-02 19:00,PMS70035,128,206,226
2019-01-02 19:01,PMS70035,126,198,218
2019-01-02 19:02,PMS70035,129,203,223
2019-01-02 19:03,PMS70035,123,197,219
2019-01-02 19:04,PMS70035,127,197,221
2019-01-02 19:05,PMS70035,128,207,228
2019-01-02 19:06,PMS70035,126,205,232
2019-01-02 19:07,PMS70035,138,220,240
2019-01-02 19:08,PMS70035,141,227,249
2019-01-02 19:09,PMS70035,135,217,235
2019-01-02 19:10,PMS70035,135,217,245
2019-01-02 19:11,PMS70035,138,223,251
2019-01-02 19:12,PMS70035,137,217,239
2019-01-02 19:13,PMS70035,143,229,249
2019-01-02 19:14,PMS70035,135,215,234
2019-01-02 19:15,PMS70035,141,223,241
2019-01-02 19:16,PMS70035,138,215,241
2019-01-02 19:17,PMS70035,134,209,231
2019-01-02 19:18,PMS70035,138,216,234
2019-01-02 19:19,PMS70035,138,219,249
2019-01-02 19:20,PMS70035,138,223,244
2019-01-02 19:21,PMS70035,140,219,243
2019-01-02 19:22,PMS70035,144,230,250
2019-01-02 19:23,PMS70035,141,225,243
2019-01-02 19:24,PMS70035,144,229,258
2019-01-02 19:25,PMS70035,145,233,264
2019-01-02 19:26,PMS70035,147,231,260
2019-01-02 19:27,PMS70035,149,230,255
2019-01-02 19:28,PMS70035,143,223,239
2019-01-02 19:29,PMS70035,143,230,254
2019-01-02 19:30,PMS70035,147,225,252
2019-01-02 19:31,PMS70035,143,226,248
2019-01-02 19:32,PMS70035,146,231,255
2019-01-02 19:33,PMS70035,147,223,247
2019-01-02 19:34,PMS70035,151,239,265
2019-01-02 19:35,PMS70035,156,241,259
2019-01-02 19:36,PMS70035,156,241,264
2019-01-02 19:37,PMS70035,152,241,263
2019-01-02 19:38,PMS70035,158,244,262
2019-01-02 19:39,PMS70035,156,239,273
2019-01-02 19:40,PMS70035,153,252,278
2019-01-02 19:41,PMS70035,152,240,261
2019-01-02 19:42,PMS70035,154,238,260
2019-01-02 19:43,PMS70035,154,242,269
2019-01-02 19:44,PMS70035,153,244,269
2019-01-02 19:45,PMS70035,151,239,260
2019-01-02 19:46,PMS70035,151,236,261
2019-01-02 19:47,PMS70035,150,238,262
2019-01-02 19:48,PMS70035,146,238,252
2019-01-02 19:49,PMS70035,146,229,251
2019-01-02 19:50,PMS70035,148,234,263
2019-01-02 19:51,PMS70035,149,232,255
2019-01-02 19:52,PMS70035,146,237,259
2019-01-02 19:53,PMS70035,146,232,254
2019-01-02 19:54,PMS70035,148,233,251
2019-01-02 19:55,PMS70035,147,225,246
2019-01-02 19:56,PMS70035,150,239,263
2019-01-02 19:57,PMS70035,149,238,266
2019-01-02 19:58,PMS70035,151,235,257
2019-01-02 19:59,PMS70035,152,235,265
2019-01-02 20:00,PMS70035,153,236,253
2019-01-02 20:01,PMS70035,151,243,270
2019-01-02 20:02,PMS70035,153,232,255
2019-01-02 20:03,PMS70035,153,237,264
2019-01-02 20:04,PMS70035,153,240,274
2019-01-02 20:05,PMS70035,148,241,266
2019-01-02 20:06,PMS70035,146,233,264
2019-01-02 20:07,PMS70035,148,235,265
2019-01-02 20:08,PMS70035,151,245,277
2019-01-02 20:09,PMS70035,152,241,263
2019-01-02 20:10,PMS70035,154,242,256
2019-01-02 20:11,PMS70035,151,237,263
2019-01-02 20:12,PMS70035,149,235,259
2019-01-02 20:13,PMS70035,147,235,269
2019-01-02 20:14,PMS70035,152,237,259
2019-01-02 20:15,PMS70035,153,243,275
2019-01-02 20:16,PMS70035,154,236,262
2019-01-02 20:17,PMS70035,153,238,254
2019-01-02 20:18,PMS70035,145,229,251
2019-01-02 20:19,PMS70035,149,227,261
2019-01-02 20:20,PMS70035,142,220,237
2019-01-02 20:21,PMS70035,148,228,249
2019-01-02 20:22,PMS70035,141,222,247
2019-01-02 20:23,PMS70035,146,235,261
2019-01-02 20:24,PMS70035,145,227,248
2019-01-02 20:25,PMS70035,151,239,258
2019-01-02 20:26,PMS70035,144,225,241
2019-01-02 20:27,PMS70035,148,235,265
2019-01-02 20:28,PMS70035,137,215,241
2019-01-02 20:29,PMS70035,150,234,254
2019-01-02 20:30,PMS70035,153,234,256
2019-01-02 20:31,PMS70035,151,236,263
2019-01-02 20:32,PMS70035,149,228,258
2019-01-02 20:33,PMS70035,155,238,255
2019-01-02 20:34,PMS70035,157,241,261
2019-01-02 20:35,PMS70035,153,237,267
2019-01-02 20:36,PMS70035,153,241,266
2019-01-02 20:37,PMS70035,154,237,263
2019-01-02 20:38,PMS70035,155,239,265
2019-01-02 20:39,PMS70035,155,238,259
2019-01-02 20:40,PMS70035,155,242,261
2019-01-02 20:41,PMS70035,153,244,267
2019-01-02 20:42,PMS70035,146,226,247
2019-01-02 20:43,PMS70035,151,232,255
2019-01-02 20:44,PMS70035,152,242,267
2019-01-02 20:45,PMS70035,152,244,275
2019-01-02 20:46,PMS70035,157,244,276
2019-01-02 20:47,PMS70035,157,246,269
2019-01-02 20:48,PMS70035,155,244,270
2019-01-02 20:49,PMS70035,162,261,281
2019-01-02 20:50,PMS70035,158,251,279
2019-01-02 20:51,PMS70035,159,247,277
2019-01-02 20:52,PMS70035,163,253,276
2019-01-02 20:53,PMS70035,163,252,273
2019-01-02 20:54,PMS70035,168,260,279
2019-01-02 20:55,PMS70035,167,266,289
2019-01-02 20:56,PMS70035,171,262,290
2019-01-02 20:57,PMS70035,171,270,300
2019-01-02 20:58,PMS70035,174,276,298
2019-01-02 20:59,PMS70035,172,263,293
2019-01-02 21:00,PMS70035,171,265,294
2019-01-02 21:01,PMS70035,172,275,305
2019-01-02 21:02,PMS70035,171,265,287
2019-01-02 21:03,PMS70035,175,282,307
2019-01-02 21:04,PMS70035,178,277,310
2019-01-02 21:05,PMS70035,179,279,300
2019-01-02 21:06,PMS70035,173,282,307
2019-01-02 21:07,PMS70035,178,285,319
2019-01-02 21:08,PMS70035,177,284,305
2019-01-02 21:09,PMS70035,173,276,302
2019-01-02 21:10,PMS70035,175,277,308
2019-01-02 21:11,PMS70035,165,267,299
2019-01-02 21:12,PMS70035,167,261,283
2019-01-02 21:13,PMS70035,163,257,290
2019-01-02 21:14,PMS70035,180,277,306
2019-01-02 21:15,PMS70035,173,274,305
2019-01-02 21:16,PMS70035,174,269,296
2019-01-02 21:17,PMS70035,174,277,303
2019-01-02 21:18,PMS70035,170,270,297
2019-01-02 21:19,PMS70035,174,271,294
2019-01-02 21:20,PMS70035,173,273,313
2019-01-02 21:21,PMS70035,175,275,300
2019-01-02 21:22,PMS70035,176,268,297
2019-01-02 21:23,PMS70035,166,264,285
2019-01-02 21:24,PMS70035,173,279,311
2019-01-02 21:25,PMS70035,163,247,271
2019-01-02 21:26,PMS70035,167,261,289
2019-01-02 21:27,PMS70035,172,272,299
2019-01-02 21:28,PMS70035,164,264,292
2019-01-02 21:29,PMS70035,169,272,300
2019-01-02 21:30,PMS70035,179,275,298
2019-01-02 21:31,PMS70035,199,311,339
2019-01-02 21:32,PMS70035,214,342,376
2019-01-02 21:33,PMS70035,188,299,336
2019-01-02 21:34,PMS70035,173,279,311
2019-01-02 21:35,PMS70035,181,289,313
2019-01-02 21:36,PMS70035,190,303,335
2019-01-02 21:37,PMS70035,173,284,317
2019-01-02 21:38,PMS70035,183,292,323
2019-01-02 21:39,PMS70035,203,324,353
2019-01-02 21:40,PMS70035,186,303,341
2019-01-02 21:41,PMS70035,175,281,313
2019-01-02 21:42,PMS70035,171,280,316
2019-01-02 21:43,PMS70035,163,259,287
2019-01-02 21:44,PMS70035,162,263,292
2019-01-02 21:45,PMS70035,163,259,290
2019-01-02 21:46,PMS70035,167,274,303
2019-01-02 21:47,PMS70035,158,250,270
2019-01-02 21:48,PMS70035,159,247,279
2019-01-02 21:49,PMS70035,162,263,292
2019-01-02 21:50,PMS70035,154,253,282
2019-01-02 21:51,PMS70035,164,261,299
2019-01-02 21:52,PMS70035,159,253,285
2019-01-02 21:53,PMS70035,158,257,287
2019-01-02 21:54,PMS70035,171,272,298
2019-01-02 21:55,PMS70035,153,250,271
2019-01-02 21:56,PMS70035,153,254,279
2019-01-02 21:57,PMS70035,158,251,277
2019-01-02 21:58,PMS70035,154,243,266
2019-01-02 21:59,PMS70035,147,242,264
2019-01-02 22:00,PMS70035,145,235,266
2019-01-02 22:01,PMS70035,152,246,265
2019-01-02 22:02,PMS70035,153,244,267
2019-01-02 22:03,PMS70035,163,271,297
2019-01-02 22:04,PMS70035,153,253,289
2019-01-02 22:05,PMS70035,157,257,277
2019-01-02 22:06,PMS70035,155,251,280
2019-01-02 22:07,PMS70035,167,265,291
2019-01-02 22:08,PMS70035,167,262,289
2019-01-02 22:09,PMS70035,169,265,292
2019-01-02 22:10,PMS70035,168,264,288
2019-01-02 22:11,PMS70035,166,267,305
2019-01-02 22:12,PMS70035,161,252,287
2019-01-02 22:13,PMS70035,164,254,275
2019-01-02 22:14,PMS70035,156,246,261
2019-01-02 22:15,PMS70035,154,247,273
2019-01-02 22:16,PMS70035,157,257,289
2019-01-02 22:17,PMS70035,140,224,248
2019-01-02 22:18,PMS70035,141,227,251
2019-01-02 22:19,PMS70035,137,220,242
2019-01-02 22:20,PMS70035,136,217,242
2019-01-02 22:21,PMS70035,139,221,246
2019-01-02 22:22,PMS70035,145,229,265
2019-01-02 22:23,PMS70035,147,232,257
2019-01-02 22:24,PMS70035,142,234,252
2019-01-02 22:25,PMS70035,143,229,259
2019-01-02 22:26,PMS70035,145,232,255
2019-01-02 22:27,PMS70035,151,233,254
2019-01-02 22:28,PMS70035,145,225,248
2019-01-02 22:29,PMS70035,139,225,247
2019-01-02 22:30,PMS70035,133,209,233
2019-01-02 22:31,PMS70035,125,197,216
2019-01-02 22:32,PMS70035,126,203,220
2019-01-02 22:33,PMS70035,131,212,226
2019-01-02 22:34,PMS70035,129,212,241
2019-01-02 22:35,PMS70035,130,213,235
2019-01-02 22:36,PMS70035,129,213,237
2019-01-02 22:37,PMS70035,129,205,227
2019-01-02 22:38,PMS70035,133,205,225
2019-01-02 22:39,PMS70035,134,221,247
2019-01-02 22:40,PMS70035,133,215,245
2019-01-02 22:41,PMS70035,133,216,231
2019-01-02 22:42,PMS70035,137,219,247
2019-01-02 22:43,PMS70035,134,215,234
2019-01-02 22:44,PMS70035,133,219,245
2019-01-02 22:45,PMS70035,139,221,246
2019-01-02 22:46,PMS70035,136,216,236
2019-01-02 22:47,PMS70035,141,229,249
2019-01-02 22:48,PMS70035,143,231,259
2019-01-02 22:49,PMS70035,135,219,248
2019-01-02 22:50,PMS70035,133,207,238
2019-01-02 22:51,PMS70035,128,202,218
2019-01-02 22:52,PMS70035,124,198,221
2019-01-02 22:53,PMS70035,125,204,226
2019-01-02 22:54,PMS70035,131,213,239
2019-01-02 22:55,PMS70035,125,203,229
2019-01-02 22:56,PMS70035,130,214,243
2019-01-02 22:57,PMS70035,131,206,225
2019-01-02 22:58,PMS70035,128,202,227
2019-01-02 22:59,PMS70035,133,214,243
2019-01-02 23:00,PMS70035,130,201,221
2019-01-02 23:01,PMS70035,128,198,231
2019-01-02 23:02,PMS70035,127,205,229
2019-01-02 23:03,PMS70035,125,206,230
2019-01-02 23:04,PMS70035,123,194,222
2019-01-02 23:05,PMS70035,127,207,232
2019-01-02 23:06,PMS70035,124,207,231
2019-01-02 23:07,PMS70035,132,210,233
2019-01-02 23:08,PMS70035,128,211,235
2019-01-02 23:09,PMS70035,127,211,230
2019-01-02 23:10,PMS70035,133,214,246
2019-01-02 23:11,PMS70035,129,206,228
2019-01-02 23:12,PMS70035,127,200,214
2019-01-02 23:13,PMS70035,123,201,221
2019-01-02 23:14,PMS70035,127,198,225
2019-01-02 23:15,PMS70035,126,199,223
2019-01-02 23:16,PMS70035,125,201,229
2019-01-02 23:17,PMS70035,128,206,227
2019-01-02 23:18,PMS70035,134,217,238
2019-01-02 23:19,PMS70035,127,199,214
2019-01-02 23:20,PMS70035,132,220,244
2019-01-02 23:21,PMS70035,130,209,230
2019-01-02 23:22,PMS70035,127,204,225
2019-01-02 23:23,PMS70035,128,205,224
2019-01-02 23:24,PMS70035,127,205,240
2019-01-02 23:25,PMS70035,125,201,222
2019-01-02 23:26,PMS70035,128,205,233
2019-01-02 23:27,PMS70035,129,207,226
2019-01-02 23:28,PMS70035,127,203,222
2019-01-02 23:29,PMS70035,130,209,233
2019-01-02 23:30,PMS70035,122,196,222
2019-01-02 23:31,PMS70035,123,197,219
2019-01-02 23:32,PMS70035,125,204,233
2019-01-02 23:33,PMS70035,120,193,217
2019-01-02 23:34,PMS70035,125,195,218
2019-01-02 23:35,PMS70035,125,196,215
2019-01-02 23:36,PMS70035,126,203,228
2019-01-02 23:37,PMS70035,120,196,220
2019-01-02 23:38,PMS70035,123,204,221
2019-01-02 23:39,PMS70035,119,201,224
2019-01-02 23:40,PMS70035,127,211,239
2019-01-02 23:41,PMS70035,127,207,223
2019-01-02 23:42,PMS70035,126,206,226
2019-01-02 23:43,PMS70035,132,209,239
2019-01-02 23:44,PMS70035,128,205,235
2019-01-02 23:45,PMS70035,132,209,234
2019-01-02 23:46,PMS70035,134,219,250
2019-01-02 23:47,PMS70035,130,211,235
2019-01-02 23:48,PMS70035,133,209,242
2019-01-02 23:49,PMS70035,133,209,235
2019-01-02 23:50,PMS70035,133,220,241
2019-01-02 23:51,PMS70035,136,227,252
2019-01-02 23:52,PMS70035,143,231,257
2019-01-02 23:53,PMS70035,139,229,253
2019-01-02 23:54,PMS70035,142,235,253
2019-01-02 23:55,PMS70035,140,222,245
2019-01-02 23:56,PMS70035,151,243,268
2019-01-02 23:57,PMS70035,147,235,260
2019-01-02 23:58,PMS70035,154,247,275
2019-01-02 23:59,PMS70035,154,247,275
2019-01-03 00:00,PMS70035,155,245,274
2019-01-03 00:16,PMS70035,146,233,255
2019-01-03 00:52,PMS70035,155,252,275
2019-01-03 00:53,PMS70035,148,240,267
2019-01-03 01:21,PMS70035,200,335,375
2019-01-03 02:03,PMS70035,223,392,437
2019-01-03 02:04,PMS70035,230,415,456
2019-01-03 02:57,PMS70035,204,354,410
2019-01-03 02:58,PMS70035,212,369,419
2019-01-03 03:23,PMS70035,202,357,404
2019-01-03 03:24,PMS70035,199,349,396
2019-01-03 03:54,PMS70035,202,365,414
2019-01-03 03:55,PMS70035,203,356,396
2019-01-03 04:20,PMS70035,209,374,406
2019-01-03 04:21,PMS70035,206,374,436
2019-01-03 04:44,PMS70035,211,378,437
2019-01-03 04:45,PMS70035,213,377,427
2019-01-03 05:13,PMS70035,219,391,442
2019-01-03 05:14,PMS70035,218,405,461
2019-01-03 06:10,PMS70035,225,421,499
2019-01-03 06:39,PMS70035,229,453,515
2019-01-03 06:40,PMS70035,221,433,493
2019-01-03 06:41,PMS70035,221,423,495
2019-01-03 07:07,PMS70035,211,388,445
2019-01-03 07:08,PMS70035,214,404,461
2019-01-03 07:39,PMS70035,207,380,432
2019-01-03 07:40,PMS70035,206,379,435
2019-01-03 08:11,PMS70035,191,351,410
2019-01-03 08:12,PMS70035,194,353,395
2019-01-03 08:41,PMS70035,189,350,409
2019-01-03 08:42,PMS70035,197,363,414
2019-01-03 09:19,PMS70035,197,349,401
2019-01-03 09:20,PMS70035,199,347,392
2019-01-03 10:03,PMS70035,184,318,356
2019-01-03 10:04,PMS70035,178,318,365
2019-01-03 10:49,PMS70035,144,248,284
2019-01-03 11:48,PMS70035,121,201,225
2019-01-03 11:49,PMS70035,117,196,219
2019-01-03 12:30,PMS70035,87,144,155
2019-01-03 12:31,PMS70035,90,144,165
2019-01-03 13:01,PMS70035,75,121,133
2019-01-03 13:02,PMS70035,75,122,134
2019-01-03 13:33,PMS70035,66,106,116
2019-01-03 13:34,PMS70035,69,115,127
2019-01-03 14:15,PMS70035,79,125,137
2019-01-03 14:16,PMS70035,76,122,139
2019-01-03 14:43,PMS70035,87,147,162
2019-01-03 14:44,PMS70035,87,144,161
2019-01-03 15:22,PMS70035,72,119,130
2019-01-03 15:23,PMS70035,71,118,133
2019-01-03 16:01,PMS70035,65,103,111
2019-01-03 16:02,PMS70035,63,104,121
2019-01-03 16:51,PMS70035,63,103,115
2019-01-03 17:30,PMS70035,87,137,153
2019-01-03 17:31,PMS70035,79,131,147
2019-01-03 18:08,PMS70035,95,163,177
2019-01-03 18:09,PMS70035,95,163,189
2019-01-03 19:01,PMS70035,119,206,235
2019-01-03 19:50,PMS70035,153,264,297
2019-01-03 20:53,PMS70035,148,260,309
2019-01-03 22:14,PMS70035,143,258,291
2019-01-03 22:30,PMS70035,149,260,298
2019-01-03 22:58,PMS70035,149,260,293
2019-01-03 23:20,PMS70035,145,267,318
2019-01-03 23:38,PMS70035,148,270,309
2019-01-03 23:59,PMS70035,147,268,305
2019-01-04 00:00,PMS70035,145,264,300
2019-01-04 00:37,PMS70035,146,272,315
2019-01-04 01:17,PMS70035,143,259,300
2019-01-04 02:16,PMS70035,157,282,322
2019-01-04 02:17,PMS70035,152,277,319
2019-01-04 03:27,PMS70035,160,305,366
2019-01-04 04:03,PMS70035,136,248,283
2019-01-04 04:35,PMS70035,134,252,283
2019-01-04 05:12,PMS70035,114,205,234
2019-01-04 05:45,PMS70035,110,194,221
2019-01-04 06:31,PMS70035,94,165,188
2019-01-04 07:49,PMS70035,87,153,171
2019-01-04 08:15,PMS70035,91,157,181
2019-01-04 09:01,PMS70035,91,161,192
2019-01-04 09:33,PMS70035,87,160,184
2019-01-04 10:09,PMS70035,99,160,187
2019-01-04 10:59,PMS70035,90,151,168
2019-01-04 11:17,PMS70035,99,162,184
2019-01-04 11:57,PMS70035,96,156,172
2019-01-04 12:47,PMS70035,88,138,158
2019-01-04 13:31,PMS70035,91,142,153
2019-01-04 14:27,PMS70035,83,126,13